name,data
AHIMSA VEGE HEALTH FOOD INDUSTRIES SDN BHD (SOLAR),"{""klien"":""AHIMSA VEGE HEALTH FOOD INDUSTRIES SDN BHD (SOLAR)"",""alamat"":""No. 17, JALAN KESUMA 2/3, BANDAR TASIK KESUMA,\n43700 BERANANG\nSELANGOR"",""ampere"":""400A"",""kepada"":""Selangor"",""voltan"":""400V"",""category"":""Part 2"",""nickname"":""AHIMSA VEGE HEALTH FOOD INDUSTRIES SDN BHD (SOLAR)"",""giliran_no"":""1"",""company_name"":""AHIMSA VEGE HEALTH FOOD INDUSTRIES SDN BHD (SOLAR)"",""default_remark"":""MSB Solar: 423/423/423V. 223/223/222A. PF=-0.99.\nTo improve house keeping."",""default_remarks"":[""MSB Solar: 423/423/423V. 223/223/222A. PF=-0.99.\nTo improve house keeping."",""Tiada"",""Tiada""]}"
ASIA FURNITURE (E) MANUFACTURING SDN BHD,"{""klien"":""ASIA FURNITURE (E) MANUFACTURING SDN BHD"",""alamat"":""LOT 1857 & 8381, KAWASAN PERUSAHAAN BUKIT ANGKAT SG. CHUA,\n43000 KAJANG\nSELANGOR"",""ampere"":""2x800A"",""kepada"":""Selangor"",""voltan"":""400V"",""category"":""Part 3"",""nickname"":""ASIA FURNITURE (E) MANUFACTURING SDN BHD"",""giliran_no"":""1"",""company_name"":""ASIA FURNITURE (E) MANUFACTURING SDN BHD"",""default_remark"":""To change all “Danger” and “No Admittance” signboards at all doors for MSB’s\nF1 PF 0.95, F2 0.99"",""default_remarks"":[""To change all “Danger” and “No Admittance” signboards at all doors for MSB’s\nF1 PF 0.95, F2 0.99"",""Tiada"",""Tiada""]}"
CENTRO PROPERTIES GROUP SDN BHD,"{""klien"":""CENTRO PROPERTIES GROUP SDN BHD"",""alamat"":""8, JALAN BATU TIGA LAMA\n41300 KLANG\nSELANGOR"",""ampere"":""300A"",""kepada"":""Selangor"",""voltan"":""11kV"",""category"":""part 3"",""nickname"":""CENTRO PROPERTIES GROUP SDN BHD"",""giliran_no"":""1"",""company_name"":""CENTRO PROPERTIES GROUP SDN BHD"",""default_remark"":""Electrical loading: 11.2kV @ 120A.\nGenset run:482.03hr @ 28.6kWh.\nTo update the schematic diagram for MSB, EMSB 1&2.\n1 unit of OC/EF protection relay faulty at 11kV VCB room, to check and replace."",""default_remarks"":[""Electrical loading: 11.2kV @ 120A.\nGenset run:482.03hr @ 28.6kWh.\nTo update the schematic diagram for MSB, EMSB 1&2.\n1 unit of OC/EF protection relay faulty at 11kV VCB room, to check and replace."",""Tiada"",""Tiada""]}"
CORLITE PACKAGING INDUSTRIES SDN BHD (PLANT 1),"{""klien"":""CORLITE PACKAGING INDUSTRIES SDN BHD (PLANT 1)"",""alamat"":""NO. 6, JALAN WAWASAN 1, KAWASAN PERINDUSTRIAN SG. KAPAR INDAH\n42200 KLANG\nSELANGOR"",""ampere"":""300A"",""kepada"":""Selangor"",""voltan"":""400V SOLAR"",""category"":""Part 3"",""nickname"":""CORLITE PACKAGING INDUSTRIES SDN BHD (PLANT 1)"",""giliran_no"":""1"",""company_name"":""CORLITE PACKAGING INDUSTRIES SDN BHD (PLANT 1)"",""default_remark"":""Tiada"",""default_remarks"":[""Tiada"",""Tiada"",""Tiada""]}"
CORLITE PACKAGING INDUSTRIES SDN BHD (PLANT 2),"{""klien"":""CORLITE PACKAGING INDUSTRIES SDN BHD (PLANT 2)"",""alamat"":""NO. 12, JALAN WAWASAN 1, KAWASAN PERINDUSTRIAN SG. KAPAR INDAH\n42200 KLANG\nSELANGOR"",""ampere"":""500A"",""kepada"":""Selangor"",""voltan"":""400V SOLAR"",""category"":""Part 3"",""nickname"":""CORLITE PACKAGING INDUSTRIES SDN BHD (PLANT 2)"",""giliran_no"":""1"",""company_name"":""CORLITE PACKAGING INDUSTRIES SDN BHD (PLANT 2)"",""default_remark"":""Tiada"",""default_remarks"":[""Tiada"",""Tiada"",""Tiada""]}"
DURABON SDN BHD,"{""klien"":""DURABON SDN BHD"",""alamat"":""LOT 22936\nBATU 6, JALAN KEBUN KAMPUNG JAWA MUKIM\n42450 KLANG\nSELANGOR"",""ampere"":""250A"",""kepada"":""Selangor"",""voltan"":""11kV"",""category"":""Part 2"",""nickname"":""DURABON SDN BHD (GILIRAN NO.1)"",""giliran_no"":""1"",""company_name"":""DURABON SDN BHD"",""default_remark"":""Loading: 11.20kV, 10A. PF:0.93"",""default_remarks"":[""Loading: 11.20kV, 10A. PF:0.93"",""Tiada"",""Tiada""]}"
DURABON SDN BHD (SOLAR),"{""klien"":""DURABON SDN BHD (SOLAR)"",""alamat"":""LOT 22936, BATU 6, JALAN KEBUN KAMPUNG JAWA,\n42450 KLANG\nSELANGOR"",""ampere"":""800A"",""kepada"":""Selangor"",""voltan"":""400V"",""category"":""Part 2"",""nickname"":""DURABON SDN BHD (SOLAR)"",""giliran_no"":""1"",""company_name"":""DURABON SDN BHD (SOLAR)"",""default_remark"":""Tiada"",""default_remarks"":[""Tiada"",""Tiada"",""Tiada""]}"
DURABON SDN. BHD,"{""klien"":""DURABON SDN. BHD"",""alamat"":""LOT 22936\nBATU 6, JALAN KEBUN KAMPUNG JAWA MUKIM\n42450 KLANG\nSELANGOR"",""ampere"":""250A"",""kepada"":""Selangor"",""voltan"":""11kV"",""category"":""Part 2"",""nickname"":""DURABON SDN BHD (GILIRAN NO.2)"",""giliran_no"":""2"",""company_name"":""DURABON SDN. BHD"",""default_remark"":""Loading: 11.30kV, 10A. PF:0.94"",""default_remarks"":[""Loading: 11.30kV, 10A. PF:0.94"",""Tiada"",""Tiada""]}"
EKSPEDISI EMAS SDN BHD,"{""klien"":""EKSPEDISI EMAS SDN BHD"",""alamat"":""LOT 37652 JALAN KARUNMAS\nTAMAN DESA KARUNMAS\n43300 BALAKONG\nSELANGOR"",""ampere"":""116A"",""kepada"":""Selangor"",""voltan"":""11kV"",""category"":""Part 3"",""nickname"":""EKSPEDISI EMAS SDN BHD (GILIRAN NO.1)"",""giliran_no"":""1"",""company_name"":""EKSPEDISI EMAS SDN BHD"",""default_remark"":""Tiada"",""default_remarks"":[""Tiada"",""Tiada"",""Tiada""]}"
EKSPEDISI EMAS SDN. BHD.,"{""klien"":""EKSPEDISI EMAS SDN. BHD."",""alamat"":""LOT 37652 JALAN KARUNMAS\nTAMAN DESA KARUNMAS\n43300 BALAKONG\nSELANGOR"",""ampere"":""116A"",""kepada"":""Selangor"",""voltan"":""11kV"",""category"":""Part 3"",""nickname"":""EKSPEDISI EMAS SDN. BHD. (GILIRAN NO.2)"",""giliran_no"":""2"",""company_name"":""EKSPEDISI EMAS SDN. BHD."",""default_remark"":""Tiada"",""default_remarks"":[""Tiada"",""Tiada"",""Tiada""]}"
EVERGREEN MARINE CORPORATION (M) SDN BHD,"{""klien"":""EVERGREEN MARINE CORPORATION (M) SDN BHD"",""alamat"":""7, JALAN JURUTERA U1/23\nHICOM-GLENMARIE INDUSTRIAL PARK\n40150 SHAH ALAM\nSELANGOR"",""ampere"":""400A"",""kepada"":""Selangor"",""voltan"":""400V"",""category"":""Part 3"",""nickname"":""EVERGREEN MARINE CORPORATION (M) SDN BHD"",""giliran_no"":""1"",""company_name"":""EVERGREEN MARINE CORPORATION (M) SDN BHD"",""default_remark"":""Tiada"",""default_remarks"":[""Tiada"",""Tiada"",""Tiada""]}"
EXCELLENT BLOSSOM SDN BHD,"{""klien"":""EXCELLENT BLOSSOM SDN BHD"",""alamat"":""DKSH MALAYSIA SDN BHD\n3, JALAN SEPINTAS 26/13, HICOM INDUSTRIAL ESTATE,\n40400 SHAH ALAM\nSELANGOR"",""ampere"":""700A"",""kepada"":""Selangor"",""voltan"":""400V SOLAR"",""category"":""Part 3"",""nickname"":""EXCELLENT BLOSSOM SDN BHD (DKSH SHAH ALAM)"",""giliran_no"":""1"",""company_name"":""EXCELLENT BLOSSOM SDN BHD"",""default_remark"":""Tiada"",""default_remarks"":[""Tiada"",""To PE Endorsed SLD at the PV MSB"",""Tiada""]}"
EXPRESS AUDIO INDUSTRY SDN BHD,"{""klien"":""EXPRESS AUDIO INDUSTRY SDN BHD"",""alamat"":""LOT. 19089, NO. 6, JALAN TAMING 1,\nTAMAN TAMING JAYA,\n43300 BALAKONG\nSELANGOR"",""ampere"":""60A"",""kepada"":""Selangor"",""voltan"":""11kV"",""category"":""Part 3"",""nickname"":""EXPRESS AUDIO INDUSTRY SDN BHD (GILIRAN NO.1)"",""giliran_no"":""1"",""company_name"":""EXPRESS AUDIO INDUSTRY SDN BHD"",""default_remark"":""To clean up MSB room"",""default_remarks"":[""To clean up MSB room"",""Tiada"",""Tiada""]}"
EXPRESS AUDIO INDUSTRY SDN. BHD.,"{""klien"":""EXPRESS AUDIO INDUSTRY SDN. BHD."",""alamat"":""LOT. 19089, NO. 6, JALAN TAMING 1,\nTAMAN TAMING JAYA,\n43300 BALAKONG\nSELANGOR"",""ampere"":""60A"",""kepada"":""Selangor"",""voltan"":""11kV"",""category"":""Part 3"",""nickname"":""EXPRESS AUDIO INDUSTRY SDN. BHD. (GILIRAN NO.2)"",""giliran_no"":""2"",""company_name"":""EXPRESS AUDIO INDUSTRY SDN. BHD."",""default_remark"":""To clean up MSB room"",""default_remarks"":[""To clean up MSB room"",""Tiada"",""Tiada""]}"
GLOWMORE EXPRESS SDN BHD,"{""klien"":""GLOWMORE EXPRESS SDN BHD"",""alamat"":""LOT 4248, JALAN SULTAN HISHAMUDDIN 2, BANDAR SULTAN SULEIMAN,\n42000 PELABOHAN KELANG\nSELANGOR"",""ampere"":""800A"",""kepada"":""Selangor"",""voltan"":""400V SOLAR"",""category"":""Part 3"",""nickname"":""GLOWMORE EXPRESS SDN BHD"",""giliran_no"":""1"",""company_name"":""GLOWMORE EXPRESS SDN BHD"",""default_remark"":""Tiada"",""default_remarks"":[""Tiada"",""Tiada"",""Tiada""]}"
GR INDUSTRIES SDN BHD,"{""klien"":""GR INDUSTRIES SDN BHD"",""alamat"":""NO.1, JALAN BESTARI 1A/KU7, TAMAN PERINDUSTRIAN KAPAR BESTARI,\n42200 KLANG\nSELANGOR"",""ampere"":""50A"",""kepada"":""Selangor"",""voltan"":""11kV"",""category"":""Part 3"",""nickname"":""GR INDUSTRIES SDN BHD (GILIRAN NO.1)"",""giliran_no"":""1"",""company_name"":""GR INDUSTRIES SDN BHD"",""default_remark"":""Tiada"",""default_remarks"":[""Tiada"",""Tiada"",""Tiada""]}"
GR INDUSTRIES SDN. BHD.,"{""klien"":""GR INDUSTRIES SDN. BHD."",""alamat"":""NO.1, JALAN BESTARI 1A/KU7, TAMAN PERINDUSTRIAN KAPAR BESTARI,\n42200 KLANG\nSELANGOR"",""ampere"":""50A"",""kepada"":""Selangor"",""voltan"":""11kV"",""category"":""Part 3"",""nickname"":""GR INDUSTRIES SDN. BHD. (GILIRAN NO.2)"",""giliran_no"":""2"",""company_name"":""GR INDUSTRIES SDN. BHD."",""default_remark"":""Tiada"",""default_remarks"":[""Tiada"",""Tiada"",""Tiada""]}"
GT-MAX PLASTIC INDUSTRIES (M) SDN BHD (F11),"{""klien"":""GT-MAX PLASTIC INDUSTRIES (M) SDN BHD (F11)"",""alamat"":""NO. 1, 3 & 5, JALAN BESTARI 1A/KU7, TAMAN PERINDUSTRIES KAPAR BESTARI,\n42200 KLANG\nSELANGOR"",""ampere"":""50A"",""kepada"":""Selangor"",""voltan"":""11kV"",""category"":""Part 3"",""nickname"":""GT-MAX PLASTIC INDUSTRIES (M) SDN. BHD. (F11) (GILIRAN NO.1)"",""giliran_no"":""1"",""company_name"":""GT-MAX PLASTIC INDUSTRIES (M) SDN BHD (F11)"",""default_remark"":""Tiada"",""default_remarks"":[""Tiada"",""Tiada"",""Tiada""]}"
GT-MAX PLASTIC INDUSTRIES (M) SDN BHD (F12),"{""klien"":""GT-MAX PLASTIC INDUSTRIES (M) SDN BHD (F12)"",""alamat"":""NO. 1, 3 & 5, JALAN BESTARI 1A/KU7, TAMAN PERINDUSTRIES KAPAR BESTARI,\n42200 KLANG\nSELANGOR"",""ampere"":""50A"",""kepada"":""Selangor"",""voltan"":""11kV"",""category"":""Part 3"",""nickname"":""GT-MAX PLASTIC INDUSTRIES (M) SDN BHD (F12)  (GILIRAN NO.1)"",""giliran_no"":""1"",""company_name"":""GT-MAX PLASTIC INDUSTRIES (M) SDN BHD (F12)"",""default_remark"":""Tiada"",""default_remarks"":[""Tiada"",""Tiada"",""Tiada""]}"
GT-MAX PLASTIC INDUSTRIES (M) SDN BHD (F13),"{""klien"":""GT-MAX PLASTIC INDUSTRIES (M) SDN BHD (F13)"",""alamat"":""NO. 1, 3 & 5, JALAN BESTARI 1A/KU7, TAMAN PERINDUSTRIES KAPAR BESTARI,\n42200 KLANG\nSELANGOR"",""ampere"":""50A"",""kepada"":""Selangor"",""voltan"":""11kV"",""category"":""Part 3"",""nickname"":""GT-MAX PLASTIC INDUSTRIES (M) SDN BHD (F13) (GILIRAN NO.1)"",""giliran_no"":""1"",""company_name"":""GT-MAX PLASTIC INDUSTRIES (M) SDN BHD (F13)"",""default_remark"":""Tiada"",""default_remarks"":[""Tiada"",""Tiada"",""Tiada""]}"
GT-MAX PLASTIC INDUSTRIES (M) SDN. BHD. (F11),"{""klien"":""GT-MAX PLASTIC INDUSTRIES (M) SDN. BHD. (F11)"",""alamat"":""NO. 1, 3 & 5, JALAN BESTARI 1A/KU7, TAMAN PERINDUSTRIES KAPAR BESTARI,\n42200 KLANG\nSELANGOR"",""ampere"":""50A"",""kepada"":""Selangor"",""voltan"":""11kV"",""category"":""Part 3"",""nickname"":""GT-MAX PLASTIC INDUSTRIES (M) SDN. BHD. (F11) (GILIRAN NO.2)"",""giliran_no"":""2"",""company_name"":""GT-MAX PLASTIC INDUSTRIES (M) SDN. BHD. (F11)"",""default_remark"":""Tiada"",""default_remarks"":[""Tiada"",""Tiada"",""Tiada""]}"
GT-MAX PLASTIC INDUSTRIES (M) SDN. BHD. (F12),"{""klien"":""GT-MAX PLASTIC INDUSTRIES (M) SDN. BHD. (F12)"",""alamat"":""NO. 1, 3 & 5, JALAN BESTARI 1A/KU7, TAMAN PERINDUSTRIES KAPAR BESTARI,\n42200 KLANG\nSELANGOR"",""ampere"":""50A"",""kepada"":""Selangor"",""voltan"":""11kV"",""category"":""Part 3"",""nickname"":""GT-MAX PLASTIC INDUSTRIES (M) SDN. BHD. (F12) (GILIRAN NO.2)"",""giliran_no"":""2"",""company_name"":""GT-MAX PLASTIC INDUSTRIES (M) SDN. BHD. (F12)"",""default_remark"":""Tiada"",""default_remarks"":[""Tiada"",""Tiada"",""Tiada""]}"
GT-MAX PLASTIC INDUSTRIES (M) SDN. BHD. (F13),"{""klien"":""GT-MAX PLASTIC INDUSTRIES (M) SDN. BHD. (F13)"",""alamat"":""NO. 1, 3 & 5, JALAN BESTARI 1A/KU7, TAMAN PERINDUSTRIES KAPAR BESTARI,\n42200 KLANG\nSELANGOR"",""ampere"":""50A"",""kepada"":""Selangor"",""voltan"":""11kV"",""category"":""Part 3"",""nickname"":""GT-MAX PLASTIC INDUSTRIES (M) SDN. BHD. (F13) (GILIRAN NO.2)"",""giliran_no"":""2"",""company_name"":""GT-MAX PLASTIC INDUSTRIES (M) SDN. BHD. (F13)"",""default_remark"":""Tiada"",""default_remarks"":[""Tiada"",""Tiada"",""Tiada""]}"
GUPPY PLASTIC INDUSTRIES SDN BHD (BALAKONG - SOLAR),"{""klien"":""GUPPY PLASTIC INDUSTRIES SDN BHD (BALAKONG - SOLAR)"",""alamat"":""LOT 15-19, LORONG 3A, KAWASAN PERUSAHAAN CHERAS JAYA,\nBATU 9, JALAN BALAKONG,\n43200 CHERAS\nSELANGOR"",""ampere"":""1000A"",""kepada"":""Selangor"",""voltan"":""400V"",""category"":""Part 2"",""nickname"":""GUPPY PLASTIC INDUSTRIES SDN BHD (BALAKONG - SOLAR)"",""giliran_no"":""1"",""company_name"":""GUPPY PLASTIC INDUSTRIES SDN BHD (BALAKONG - SOLAR)"",""default_remark"":""To provide schematic diagram.\nLoading: 420/421/411V, 431/413/412A, PF: -0.995."",""default_remarks"":[""To provide schematic diagram.\nLoading: 420/421/411V, 431/413/412A, PF: -0.995."",""Tiada"",""Tiada""]}"
GUPPY PLASTIC INDUSTRIES SDN BHD (BALAKONG),"{""klien"":""GUPPY PLASTIC INDUSTRIES SDN BHD (BALAKONG)"",""alamat"":""LOT 15-19, LORONG 3A, KAWASAN PERUSAHAAN CHERAS JAYA,\nBATU 9, JALAN BALAKONG,\n43200 CHERAS\nSELANGOR"",""ampere"":""150A"",""kepada"":""Selangor"",""voltan"":""11kV"",""category"":""Part 2"",""nickname"":""GUPPY PLASTIC INDUSTRIES SDN BHD (BALAKONG) (GILIRAN NO.1)"",""giliran_no"":""1"",""company_name"":""GUPPY PLASTIC INDUSTRIES SDN BHD (BALAKONG)"",""default_remark"":""MSB: ACB for capacitor bank was off, to check.\nVCB/TX Room: To provide schematic diagram.\nMSB Room: To provide schematic diagram."",""default_remarks"":[""MSB: ACB for capacitor bank was off, to check.\nVCB/TX Room: To provide schematic diagram.\nMSB Room: To provide schematic diagram."",""Tiada"",""Tiada""]}"
GUPPY PLASTIC INDUSTRIES SDN BHD (KARUNMAS),"{""klien"":""GUPPY PLASTIC INDUSTRIES SDN BHD (KARUNMAS)"",""alamat"":""LOT 37651, JALAN KARUNMAS, TAMAN DESA KARUNMAS,\n43000 BALAKONG\nSELANGOR"",""ampere"":""75A"",""kepada"":""Selangor"",""voltan"":""11kV"",""category"":""Part 3"",""nickname"":""GUPPY PLASTIC INDUSTRIES SDN BHD (KARUNMAS) (GILIRAN NO.1)"",""giliran_no"":""1"",""company_name"":""GUPPY PLASTIC INDUSTRIES SDN BHD (KARUNMAS)"",""default_remark"":""Tiada"",""default_remarks"":[""Tiada"",""Tiada"",""Tiada""]}"
GUPPY PLASTIC INDUSTRIES SDN. BHD (BALAKONG),"{""klien"":""GUPPY PLASTIC INDUSTRIES SDN. BHD (BALAKONG)"",""alamat"":""LOT 15-19, LORONG 3A, KAWASAN PERUSAHAAN CHERAS JAYA,\nBATU 9, JALAN BALAKONG,\n43200 CHERAS\nSELANGOR"",""ampere"":""150A"",""kepada"":""Selangor"",""voltan"":""11kV"",""category"":""Part 2"",""nickname"":""GUPPY PLASTIC INDUSTRIES SDN BHD (BALAKONG) (GILIRAN NO.2)"",""giliran_no"":""2"",""company_name"":""GUPPY PLASTIC INDUSTRIES SDN. BHD (BALAKONG)"",""default_remark"":""MSB: ACB for capacitor bank was off, to check.\nVCB/TX Room: To provide schematic diagram.\nMSB Room: To provide schematic diagram."",""default_remarks"":[""MSB: ACB for capacitor bank was off, to check.\nVCB/TX Room: To provide schematic diagram.\nMSB Room: To provide schematic diagram."",""Tiada"",""Tiada""]}"
GUPPY PLASTIC INDUSTRIES SDN. BHD. (KARUNMAS),"{""klien"":""GUPPY PLASTIC INDUSTRIES SDN. BHD. (KARUNMAS)"",""alamat"":""LOT 37651, JALAN KARUNMAS, TAMAN DESA KARUNMAS,\n43000 BALAKONG\nSELANGOR"",""ampere"":""75A"",""kepada"":""Selangor"",""voltan"":""11kV"",""category"":""Part 3"",""nickname"":""GUPPY PLASTIC INDUSTRIES SDN. BHD. (KARUNMAS) (GILIRAN NO.2)"",""giliran_no"":""2"",""company_name"":""GUPPY PLASTIC INDUSTRIES SDN. BHD. (KARUNMAS)"",""default_remark"":""Tiada"",""default_remarks"":[""Tiada"",""Tiada"",""Tiada""]}"
HIAP HUAT CHEMICALS SDN BHD,"{""klien"":""HIAP HUAT CHEMICALS SDN BHD"",""alamat"":""LOT PT 159462 ( HSD 165823 ) JALAN SUNGAI CHANDONG\n33/KS11, TAMAN PERINDUSTRIAN PULAU INDAH FASA 3\nMUKIM KLANG, KLANG BANDAR DIRAJA\n42920 KLANG\nSELANGOR"",""ampere"":""600A"",""kepada"":""Selangor"",""voltan"":""400V"",""category"":""Part 3"",""nickname"":""HIAP HUAT CHEMICALS SDN BHD"",""giliran_no"":""1"",""company_name"":""HIAP HUAT CHEMICALS SDN BHD"",""default_remark"":""Tiada"",""default_remarks"":[""Tiada"",""Tiada"",""Tiada""]}"
HOKTO MALAYSIA SDN BHD,"{""klien"":""HOKTO MALAYSIA SDN BHD"",""alamat"":""LOT 34652 & 34653, PERSIARAN TEKNOLOGI 4,\nTECHPARK@ENSTEK\n71760 BANDAR BARU ENSTEK\nNEGERI SEMBILAN"",""ampere"":""150A"",""kepada"":""Melaka"",""voltan"":""11kV"",""category"":""Part 1"",""nickname"":""HOKTO MALAYSIA SDN BHD (GILIRAN NO.1)"",""giliran_no"":""1"",""company_name"":""HOKTO MALAYSIA SDN BHD"",""default_remark"":""Tiada"",""default_remarks"":[""Tiada"",""Tiada"",""Tiada""]}"
HOKTO MALAYSIA SDN BHD.,"{""klien"":""HOKTO MALAYSIA SDN BHD."",""alamat"":""LOT 34652 & 34653, PERSIARAN TEKNOLOGI 4,\nTECHPARK@ENSTEK\n71760 BANDAR BARU ENSTEK\nNEGERI SEMBILAN"",""ampere"":""150A"",""kepada"":""Melaka"",""voltan"":""11kV"",""category"":""Part 1"",""nickname"":""HOKTO MALAYSIA SDN BHD (GILIRAN NO.2)"",""giliran_no"":""2"",""company_name"":""HOKTO MALAYSIA SDN BHD."",""default_remark"":""Tiada"",""default_remarks"":[""Tiada"",""Tiada"",""Tiada""]}"
HOKTO MALAYSIA SDN. BHD. (SOLAR SYSTEM),"{""klien"":""HOKTO MALAYSIA SDN. BHD. (SOLAR SYSTEM)"",""alamat"":""NO. 19, LENGKUK TEKNOLOGI 4, TAMAN TEKNOLOGI ENSTEK,\n71760 BANDAR BARU ENSTEK\nNEGERI SEMBILAN"",""ampere"":""972A"",""kepada"":""Melaka"",""voltan"":""400V"",""category"":""Part 1"",""nickname"":""HOKTO MALAYSIA SDN. BHD. (SOLAR SYSTEM)"",""giliran_no"":""1"",""company_name"":""HOKTO MALAYSIA SDN. BHD. (SOLAR SYSTEM)"",""default_remark"":""Protection relay recalibration will expire on 29-08-2027."",""default_remarks"":[""Protection relay recalibration will expire on 29-08-2027."",""Tiada"",""Tiada""]}"
IJM RIMBAYU SHOW GALLERY (SOLAR),"{""klien"":""IJM RIMBAYU SHOW GALLERY (SOLAR)"",""alamat"":""1, JALAN FLORA 3, BANDAR RIMBAYU,\n42500 TELOK PANGLIMA GARANG\nSELANGOR"",""ampere"":""500A"",""kepada"":""Selangor"",""voltan"":""400V"",""category"":""Part 2"",""nickname"":""IJM RIMBAYU SHOW GALLERY (SOLAR)"",""giliran_no"":""1"",""company_name"":""IJM RIMBAYU SHOW GALLERY (SOLAR)"",""default_remark"":""500A PV-ACDB: 244.4V @ 110.5A, PF:0.92.\n200A PV-ACDB: 243.5V @ 62.5A, PF: 0.93."",""default_remarks"":[""500A PV-ACDB: 244.4V @ 110.5A, PF:0.92.\n200A PV-ACDB: 243.5V @ 62.5A, PF: 0.93."",""Tiada"",""Tiada""]}"
IMPACT COLOR SDN BHD,"{""klien"":""IMPACT COLOR SDN BHD"",""alamat"":""LOT PT 9377, JALAN BESAR, KG. BUKIT LANCHONG,\n47650 SUBANG JAYA\nSELANGOR"",""ampere"":""700A"",""kepada"":""Selangor"",""voltan"":""400V SOLAR"",""category"":""Part 3"",""nickname"":""IMPACT COLOR SDN BHD (SOLAR)"",""giliran_no"":""1"",""company_name"":""IMPACT COLOR SDN BHD"",""default_remark"":""Tiada"",""default_remarks"":[""Tiada"",""Tiada"",""Tiada""]}"
IMPACT COLOR SDN. BHD,"{""klien"":""IMPACT COLOR SDN. BHD"",""alamat"":""LOT PT 9377 JALAN BESAR\nKG. BUKIT LANCHONG\n47650 SUBANG JAYA\nSELANGOR"",""ampere"":""98A"",""kepada"":""Melaka"",""voltan"":""11kV"",""category"":""Part 2"",""nickname"":""IMPACT COLOR SDN BHD (GILIRAN NO.1)"",""giliran_no"":""1"",""company_name"":""IMPACT COLOR SDN. BHD"",""default_remark"":""Tiada"",""default_remarks"":[""Tiada"",""Tiada"",""Tiada""]}"
IMPACT COLOR SDN. BHD.,"{""klien"":""IMPACT COLOR SDN. BHD."",""alamat"":""LOT PT 9377 JALAN BESAR\nKG. BUKIT LANCHONG\n47650 SUBANG JAYA\nSELANGOR"",""ampere"":""98A"",""kepada"":""Selangor"",""voltan"":""11kV"",""category"":""Part 2"",""nickname"":""IMPACT COLOR SDN. BHD. (GILIRAN NO.2)"",""giliran_no"":""2"",""company_name"":""IMPACT COLOR SDN. BHD."",""default_remark"":""Tiada"",""default_remarks"":[""Tiada"",""Tiada"",""Tiada""]}"
INDUSTRAIL CONCRETE PRODUCTS SDN BHD (ICP 2- SOLAR),"{""klien"":""INDUSTRAIL CONCRETE PRODUCTS SDN BHD (ICP 2- SOLAR)"",""alamat"":""PART OF NO. LOT 83338, BATU 6, JALAN KEBUN KAMPUNG JAWA,\n42450 KLANG\nSELANGOR"",""ampere"":""800A"",""kepada"":""Selangor"",""voltan"":""400V"",""category"":""Part 2"",""nickname"":""INDUSTRAIL CONCRETE PRODUCTS SDN BHD (ICP 2- SOLAR)"",""giliran_no"":""1"",""company_name"":""INDUSTRAIL CONCRETE PRODUCTS SDN BHD (ICP 2- SOLAR)"",""default_remark"":""Tiada"",""default_remarks"":[""Tiada"",""Tiada"",""Tiada""]}"
INDUSTRIAL CONCRETE PRODUCTS BERHAD (BM),"{""klien"":""INDUSTRIAL CONCRETE PRODUCTS BERHAD (BM)"",""alamat"":""LOT 22936, BATU 6, JALAN KEBUN, KG. JAWA,\n42450 KLANG\nSELANGOR"",""ampere"":""1000A"",""kepada"":""Selangor"",""voltan"":""400V"",""category"":""Part 2"",""nickname"":""INDUSTRIAL CONCRETE PRODUCTS BERHAD (BM)"",""giliran_no"":""1"",""company_name"":""INDUSTRIAL CONCRETE PRODUCTS BERHAD (BM)"",""default_remark"":""Loading: 245V @ 100A. PF:0.90."",""default_remarks"":[""Loading: 245V @ 100A. PF:0.90."",""Tiada"",""Tiada""]}"
INDUSTRIAL CONCRETE PRODUCTS BERHAD (KG. TOK MUDA - SOLAR SYSTEM),"{""klien"":""INDUSTRIAL CONCRETE PRODUCTS BERHAD (KG. TOK MUDA - SOLAR SYSTEM)"",""alamat"":""BATU 121/2 KG. TOK MUDA\n42200 KAPAR\nSELANGOR"",""ampere"":""800A"",""kepada"":""Selangor"",""voltan"":""400V"",""category"":""Part 2"",""nickname"":""INDUSTRIAL CONCRETE PRODUCTS BERHAD (KG. TOK MUDA - SOLAR SYSTEM)"",""giliran_no"":""1"",""company_name"":""INDUSTRIAL CONCRETE PRODUCTS BERHAD (KG. TOK MUDA - SOLAR SYSTEM)"",""default_remark"":""PV MSB's DPM reading is not tally with the DPM of MSB, to check."",""default_remarks"":[""PV MSB's DPM reading is not tally with the DPM of MSB, to check."",""Tiada"",""Tiada""]}"
INDUSTRIAL CONCRETE PRODUCTS BERHAD (KG. TOK MUDA),"{""klien"":""INDUSTRIAL CONCRETE PRODUCTS BERHAD (KG. TOK MUDA)"",""alamat"":""BATU 12 1/2 KG. TOK MUDA\n42200 KAPAR\nSELANGOR"",""ampere"":""100A"",""kepada"":""Selangor"",""voltan"":""11kV"",""category"":""Part 2"",""nickname"":""INDUSTRIAL CONCRETE PRODUCTS BERHAD (KG. TOK MUDA) (GILIRAN NO.1)"",""giliran_no"":""1"",""company_name"":""INDUSTRIAL CONCRETE PRODUCTS BERHAD (KG. TOK MUDA)"",""default_remark"":""Loading: 11.2kV @ <10A.\nGenset run: 134.88hr @ 63.2kWh."",""default_remarks"":[""Loading: 11.2kV @ <10A.\nGenset run: 134.88hr @ 63.2kWh."",""Tiada"",""Tiada""]}"
INDUSTRIAL CONCRETE PRODUCTS BERHAD (KGF),"{""klien"":""INDUSTRIAL CONCRETE PRODUCTS BERHAD (KGF)"",""alamat"":""LOT 22936, BATU 6, JALAN KEBUN, KG. JAWA,\n42450 KLANG\nSELANGOR"",""ampere"":""1000A"",""kepada"":""Selangor"",""voltan"":""400V"",""category"":""Part 2"",""nickname"":""INDUSTRIAL CONCRETE PRODUCTS BERHAD (KGF)"",""giliran_no"":""1"",""company_name"":""INDUSTRIAL CONCRETE PRODUCTS BERHAD (KGF)"",""default_remark"":""Electrical loading: 253.0V @ 0.99A. PF: 0.91."",""default_remarks"":[""Electrical loading: 253.0V @ 0.99A. PF: 0.91."",""Tiada"",""Tiada""]}"
INDUSTRIAL CONCRETE PRODUCTS BERHAD (NIF - SOLAR),"{""klien"":""INDUSTRIAL CONCRETE PRODUCTS BERHAD (NIF - SOLAR)"",""alamat"":""LOT 5777, NILAI INDUSTRIAL ESTATE, KAWASAN PERINDUSTRI NILAI 1,\n71800 NILAI\nNEGERI SEMBILAN"",""ampere"":""500A"",""kepada"":""Melaka"",""voltan"":""400V"",""category"":""Part 1"",""nickname"":""INDUSTRIAL CONCRETE PRODUCTS BERHAD (NIF - SOLAR)"",""giliran_no"":""1"",""company_name"":""INDUSTRIAL CONCRETE PRODUCTS BERHAD (NIF - SOLAR)"",""default_remark"":""Tiada"",""default_remarks"":[""Tiada"",""Tiada"",""Tiada""]}"
INDUSTRIAL CONCRETE PRODUCTS BERHAD (NIF),"{""klien"":""INDUSTRIAL CONCRETE PRODUCTS BERHAD (NIF)"",""alamat"":""LOT 5777, NILAI INDUSTRIAL ESTATE, KAWASAN PERINDUSTRI NILAI 1,\n71800 NILAI\nNEGERI SEMBILAN"",""ampere"":""2X1000A"",""kepada"":""Melaka"",""voltan"":""400V"",""category"":""Part 1"",""nickname"":""INDUSTRIAL CONCRETE PRODUCTS BERHAD (NIF)"",""giliran_no"":""1"",""company_name"":""INDUSTRIAL CONCRETE PRODUCTS BERHAD (NIF)"",""default_remark"":""Feeder 1: 247.5V 172.0A PF: 0.96.\nFeeder 2: 249.5V 115.0A PF: 0.94.\nGenset run: 238.5hr @ 45.0kWh."",""default_remarks"":[""Feeder 1: 247.5V 172.0A PF: 0.96.\nFeeder 2: 249.5V 115.0A PF: 0.94.\nGenset run: 238.5hr @ 45.0kWh."",""Tiada"",""Tiada""]}"
INDUSTRIAL CONCRETE PRODUCTS BERHAD. (KG. TOK MUDA),"{""klien"":""INDUSTRIAL CONCRETE PRODUCTS BERHAD. (KG. TOK MUDA)"",""alamat"":""BATU 12 1/2 KG. TOK MUDA\n42200 KAPAR\nSELANGOR"",""ampere"":""100A"",""kepada"":""Selangor"",""voltan"":""11kV"",""category"":""Part 2"",""nickname"":""INDUSTRIAL CONCRETE PRODUCTS BERHAD (KG. TOK MUDA) (GILIRAN NO.2)"",""giliran_no"":""1"",""company_name"":""INDUSTRIAL CONCRETE PRODUCTS BERHAD. (KG. TOK MUDA)"",""default_remark"":""Loading: 11.2kV @ <10A.\nGenset run: 134.88hr @ 63.2kWh."",""default_remarks"":[""Loading: 11.2kV @ <10A.\nGenset run: 134.88hr @ 63.2kWh."",""Tiada"",""Tiada""]}"
INDUSTRIAL CONCRETE PRODUCTS SDN BHD (ICP 1 - SOLAR),"{""klien"":""INDUSTRIAL CONCRETE PRODUCTS SDN BHD (ICP 1 - SOLAR)"",""alamat"":""PART OF NO. LOT 129951, BATU 6, JALAN KEBUN KAMPUNG JAWA,\n42450 KLANG\nSELANGOR"",""ampere"":""800A"",""kepada"":""Selangor"",""voltan"":""400V"",""category"":""Part 2"",""nickname"":""INDUSTRIAL CONCRETE PRODUCTS SDN BHD (ICP 1 - SOLAR)"",""giliran_no"":""1"",""company_name"":""INDUSTRIAL CONCRETE PRODUCTS SDN BHD (ICP 1 - SOLAR)"",""default_remark"":""Tiada"",""default_remarks"":[""Tiada"",""Tiada"",""Tiada""]}"
INDUSTRIAL CONCRETE PRODUCTS SDN BHD (ICP E/R),"{""klien"":""INDUSTRIAL CONCRETE PRODUCTS SDN BHD (ICP E/R)"",""alamat"":""LOT 83338, JALAN KEBUN BATU 6,\n40460 SHAH ALAM\nSELANGOR"",""ampere"":""1000A"",""kepada"":""Selangor"",""voltan"":""400V"",""category"":""Part 2"",""nickname"":""INDUSTRIAL CONCRETE PRODUCTS SDN BHD (ICP E/R)"",""giliran_no"":""1"",""company_name"":""INDUSTRIAL CONCRETE PRODUCTS SDN BHD (ICP E/R)"",""default_remark"":""Loading: 249V @ 90A, PF: 0.92."",""default_remarks"":[""Loading: 249V @ 90A, PF: 0.92."",""Tiada"",""Tiada""]}"
K-FLEX (KILANG A),"{""klien"":""K-FLEX (KILANG A)"",""alamat"":""LOT 2752\nJALAN RAJA NONG\nTAMAN KLANG JAYA\n41200 KLANG\nSELANGOR"",""ampere"":""400A"",""kepada"":""Selangor"",""voltan"":""400V"",""category"":""Part 2"",""nickname"":""K-FLEX (KILANG A)"",""giliran_no"":""1"",""company_name"":""K-FLEX (KILANG A)"",""default_remark"":""Tiada"",""default_remarks"":[""Tiada"",""Tiada"",""Tiada""]}"
K-FLEX (KILANG B),"{""klien"":""K-FLEX (KILANG B)"",""alamat"":""LOT 2752\nJALAN RAJA NONG\nTAMAN KLANG JAYA\n41200 KLANG\nSELANGOR"",""ampere"":""1200A"",""kepada"":""Selangor"",""voltan"":""400V"",""category"":""Part 2"",""nickname"":""K-FLEX (KILANG B)"",""giliran_no"":""1"",""company_name"":""K-FLEX (KILANG B)"",""default_remark"":""Tiada"",""default_remarks"":[""Tiada"",""Tiada"",""Tiada""]}"
K-FLEX (KILANG C),"{""klien"":""K-FLEX (KILANG C)"",""alamat"":""LOT 2751\nJALAN RAJA NONG\nTAMAN KLANG JAYA\n41200 KLANG\nSELANGOR"",""ampere"":""120A"",""kepada"":""Selangor"",""voltan"":""11kV"",""category"":""Part 2"",""nickname"":""K-FLEX (KILANG C) (GILIRAN NO.1)"",""giliran_no"":""1"",""company_name"":""K-FLEX (KILANG C)"",""default_remark"":""Tiada"",""default_remarks"":[""Tiada"",""Tiada"",""Tiada""]}"
K-FLEX (KILANG D),"{""klien"":""K-FLEX (KILANG D)"",""alamat"":""LOT 2751\nJALAN RAJA NONG\nTAMAN KLANG JAYA\n41200 KLANG\nSELANGOR"",""ampere"":""70A"",""kepada"":""Selangor"",""voltan"":""11kV"",""category"":""Part 2"",""nickname"":""K-FLEX (KILANG D) (GILIRAN NO.1)"",""giliran_no"":""1"",""company_name"":""K-FLEX (KILANG D)"",""default_remark"":""Tiada"",""default_remarks"":[""Tiada"",""Tiada"",""Tiada""]}"
K-FLEX. (KILANG C),"{""klien"":""K-FLEX. (KILANG C)"",""alamat"":""LOT 2751\nJALAN RAJA NONG\nTAMAN KLANG JAYA\n41200 KLANG\nSELANGOR"",""ampere"":""120A"",""kepada"":""Selangor"",""voltan"":""11kV"",""category"":""Part 2"",""nickname"":""K-FLEX (KILANG C) (GILIRAN NO.2)"",""giliran_no"":""2"",""company_name"":""K-FLEX. (KILANG C)"",""default_remark"":""Tiada"",""default_remarks"":[""Tiada"",""Tiada"",""Tiada""]}"
K-FLEX. (KILANG D),"{""klien"":""K-FLEX. (KILANG D)"",""alamat"":""LOT 2751\nJALAN RAJA NONG\nTAMAN KLANG JAYA\n41200 KLANG\nSELANGOR"",""ampere"":""70A"",""kepada"":""Selangor"",""voltan"":""11kV"",""category"":""Part 2"",""nickname"":""K-FLEX (KILANG D) (GILIRAN NO.2)"",""giliran_no"":""2"",""company_name"":""K-FLEX. (KILANG D)"",""default_remark"":""Tiada"",""default_remarks"":[""Tiada"",""Tiada"",""Tiada""]}"
KINTETSU WORLD EXPRESS (MALAYSIA) SDN BHD,"{""klien"":""KINTETSU WORLD EXPRESS (MALAYSIA) SDN BHD"",""alamat"":""KLIA CARGO VILLAGE, FREE COMMERCIAL ZONE FCZ, JALAN KLIA S3,\n64000 SEPANG\nSELANGOR"",""ampere"":""1152A"",""kepada"":""Selangor"",""voltan"":""415V Genset"",""category"":""Part 1"",""nickname"":""KINTETSU WORLD EXPRESS (MALAYSIA) SDN BHD"",""giliran_no"":""1"",""company_name"":""KINTETSU WORLD EXPRESS (MALAYSIA) SDN BHD"",""default_remark"":""To provide schematic diagram with Professional Engineer endorsement at the Genset area."",""default_remarks"":[""To provide schematic diagram with Professional Engineer endorsement at the Genset area."",""Tiada"",""Tiada""]}"
MALAYSIA ASSOCIATED FOR THE BLIND,"{""klien"":""MALAYSIA ASSOCIATED FOR THE BLIND"",""alamat"":""Komplek MAB, Jalan Tebing. Off Jalan Sambanthan 4,\n50470 KUALA LUMPUR\nWILAYAH PERSEKUTUAN KUALA LUMPUR"",""ampere"":""500A"",""kepada"":""Selangor"",""voltan"":""400V"",""category"":""Part 2"",""nickname"":""MALAYSIA ASSOCIATED FOR THE BLIND"",""giliran_no"":""1"",""company_name"":""MALAYSIA ASSOCIATED FOR THE BLIND"",""default_remark"":""Electrical loading: 245V @ 30A, PF:0.95."",""default_remarks"":[""Electrical loading: 245V @ 30A, PF:0.95."",""Tiada"",""Tiada""]}"
MNA METAL RESOURCES SDN BHD,"{""klien"":""MNA METAL RESOURCES SDN BHD"",""alamat"":""112, JALAN 1/4, ARAB MALAYSIAN INDUSTRIAL PARK,\n71800 NILAI\nNEGERI SEMBILAN"",""ampere"":""1200A"",""kepada"":""Melaka"",""voltan"":""400V"",""category"":""Part 3"",""nickname"":""MNA METAL RESOURCES SDN BHD"",""giliran_no"":""1"",""company_name"":""MNA METAL RESOURCES SDN BHD"",""default_remark"":""Tiada"",""default_remarks"":[""Tiada"",""Tiada"",""Tiada""]}"
MODERNRIA PLASTIC INDUSTRIES (M) SDN BHD,"{""klien"":""MODERNRIA PLASTIC INDUSTRIES (M) SDN BHD"",""alamat"":""LOT 5, PERSIARAN PERUSAHAAN, SEKSYEN 23,\n40000 SHAH ALAM\nSELANGOR"",""ampere"":""200A"",""kepada"":""Selangor"",""voltan"":""11kV"",""category"":""Part 3"",""nickname"":""MODERNRIA PLASTIC INDUSTRIES (M) SDN BHD (GILIRAN NO.1)"",""giliran_no"":""1"",""company_name"":""MODERNRIA PLASTIC INDUSTRIES (M) SDN BHD"",""default_remark"":""Suruhanjaya Tenaga registration was expired on 11-09-2024. To renew.\nTo recalibrate protection relay expired on 21-08-2024."",""default_remarks"":[""Suruhanjaya Tenaga registration was expired on 11-09-2024. To renew.\nTo recalibrate protection relay expired on 21-08-2024."",""Tiada"",""Tiada""]}"
MODERNRIA PLASTIC INDUSTRIES (M) SDN. BHD.,"{""klien"":""MODERNRIA PLASTIC INDUSTRIES (M) SDN. BHD."",""alamat"":""LOT 5, PERSIARAN PERUSAHAAN, SEKSYEN 23,\n40000 SHAH ALAM\nSELANGOR"",""ampere"":""200A"",""kepada"":""Selangor"",""voltan"":""11kV"",""category"":""Part 3"",""nickname"":""MODERNRIA PLASTIC INDUSTRIES (M) SDN. BHD. (GILIRAN NO.2)"",""giliran_no"":""2"",""company_name"":""MODERNRIA PLASTIC INDUSTRIES (M) SDN. BHD."",""default_remark"":""Suruhanjaya Tenaga registration was expired on 11-09-2024. To renew.\nTo recalibrate protection relay expired on 21-08-2024."",""default_remarks"":[""Suruhanjaya Tenaga registration was expired on 11-09-2024. To renew.\nTo recalibrate protection relay expired on 21-08-2024."",""Tiada"",""Tiada""]}"
N-COMFORT SDN BHD,"{""klien"":""N-COMFORT SDN BHD"",""alamat"":""LOT 15796 JALAN KEBUN BATU 5 1/2\n40460 SHAH ALAM\nSELANGOR"",""ampere"":""150A"",""kepada"":""Selangor"",""voltan"":""11kV"",""category"":""Part 1"",""nickname"":""N-COMFORT SDN BHD (GILIRAN NO.1)"",""giliran_no"":""1"",""company_name"":""N-COMFORT SDN BHD"",""default_remark"":""Tiada"",""default_remarks"":[""Tiada"",""Tiada"",""Tiada""]}"
N-COMFORT SDN. BHD,"{""klien"":""N-COMFORT SDN. BHD"",""alamat"":""LOT 15796 JALAN KEBUN BATU 5 1/2\n40460 SHAH ALAM\nSELANGOR"",""ampere"":""150A"",""kepada"":""Selangor"",""voltan"":""11kV"",""category"":""Part 1"",""nickname"":""N-COMFORT SDN BHD (GILIRAN NO.2)"",""giliran_no"":""2"",""company_name"":""N-COMFORT SDN. BHD"",""default_remark"":""Tiada"",""default_remarks"":[""Tiada"",""Tiada"",""Tiada""]}"
ORIENTAL SAN INDUSTRIES SDN BHD,"{""klien"":""ORIENTAL SAN INDUSTRIES SDN BHD"",""alamat"":""PT 2486\nKAWASAN PERINDUSTRIAN NILAI\n71800 NILAI\nNEGERI SEMBILAN"",""ampere"":""150A"",""kepada"":""Melaka"",""voltan"":""11kV"",""category"":""Part 3"",""nickname"":""ORIENTAL SAN INDUSTRIES SDN BHD (GILIRAN 1 NEGERI SEMBILAN)"",""giliran_no"":""1"",""company_name"":""ORIENTAL SAN INDUSTRIES SDN BHD"",""default_remark"":""Tiada"",""default_remarks"":[""Tiada"",""Tiada"",""Tiada""]}"
ORIENTAL SAN INDUSTRIES SDN. BHD.,"{""klien"":""ORIENTAL SAN INDUSTRIES SDN. BHD."",""alamat"":""PT 2486\nKAWASAN PERINDUSTRIAN NILAI\n71800 NILAI\nNEGERI SEMBILAN"",""ampere"":""150A"",""kepada"":""Melaka"",""voltan"":""11kV"",""category"":""Part 3"",""nickname"":""ORIENTAL SAN INDUSTRIES SDN. BHD.  (GILIRAN NO.2 NEGERI SEMBILAN)"",""giliran_no"":""2"",""company_name"":""ORIENTAL SAN INDUSTRIES SDN. BHD."",""default_remark"":""Tiada"",""default_remarks"":[""Tiada"",""Tiada"",""Tiada""]}"
ORTUSTECH (MALAYSIA) SDN BHD (SOLAR),"{""klien"":""ORTUSTECH (MALAYSIA) SDN BHD (SOLAR)"",""alamat"":""LOT 760, JALAN HAJI SIRAT, OFF JALAN KAPAR,\n42100 KLANG\nSELANGOR"",""ampere"":""300A"",""kepada"":""Selangor"",""voltan"":""400V SOLAR"",""category"":""Part 3"",""nickname"":""ORTUSTECH (MALAYSIA) SDN BHD (SOLAR)"",""giliran_no"":""1"",""company_name"":""ORTUSTECH (MALAYSIA) SDN BHD (SOLAR)"",""default_remark"":""Tiada"",""default_remarks"":[""Tiada"",""Tiada"",""Tiada""]}"
PERBADANAN PENGURUSAN THE USJ 19 CITY MALL,"{""klien"":""PERBADANAN PENGURUSAN THE USJ 19 CITY MALL"",""alamat"":""AT RL 2.172, THE 19 USJ CITY MALL,\nJALAN PERSIARAN KEWAJIPAN USJ 19,\n47620 SUBANG JAYA\nSELANGOR"",""ampere"":""2x300A"",""kepada"":""Selangor"",""voltan"":""11kV"",""category"":""Part 2"",""nickname"":""PERBADANAN PENGURUSAN THE USJ 19 CITY MALL (GILIRAN NO.1)"",""giliran_no"":""1"",""company_name"":""PERBADANAN PENGURUSAN THE USJ 19 CITY MALL"",""default_remark"":""To register installation with Energy Comission.\nTo display single line diagram with Professional Engineer endorsement.\nTo engage a competent chargeman for the installation operation.\nTo check and rectify all the capacitor banks for MSBs to avoid TNB's penalty.\nTo fix all faulty exhaust fans for HT and LV rooms."",""default_remarks"":[""To register installation with Energy Comission.\nTo display single line diagram with Professional Engineer endorsement.\nTo engage a competent chargeman for the installation operation.\nTo check and rectify all the capacitor banks for MSBs to avoid TNB's penalty.\nTo fix all faulty exhaust fans for HT and LV rooms."",""To reinstate all discharge CO2 cylinders.\nTo service all the switchgears and transformers.\nTo repair faulty protection relay.\nTo repair all malfunction capacitor bank."",""Tiada""]}"
PERBADANAN PENGURUSAN THE USJ 19 CITY MALL.,"{""klien"":""PERBADANAN PENGURUSAN THE USJ 19 CITY MALL."",""alamat"":""AT RL 2.172, THE 19 USJ CITY MALL,\nJALAN PERSIARAN KEWAJIPAN USJ 19,\n47620 SUBANG JAYA\nSELANGOR"",""ampere"":""2x300A"",""kepada"":""Selangor"",""voltan"":""11kV"",""category"":""Part 2"",""nickname"":""PERBADANAN PENGURUSAN THE USJ 19 CITY MALL. (GILIRAN NO.2)"",""giliran_no"":""1"",""company_name"":""PERBADANAN PENGURUSAN THE USJ 19 CITY MALL."",""default_remark"":""To register installation with Energy Comission.\nTo display single line diagram with Professional Engineer endorsement.\nTo engage a competent chargeman for the installation operation.\nTo check and rectify all the capacitor banks for MSBs to avoid TNB's penalty.\nTo fix all faulty exhaust fans for HT and LV rooms."",""default_remarks"":[""To register installation with Energy Comission.\nTo display single line diagram with Professional Engineer endorsement.\nTo engage a competent chargeman for the installation operation.\nTo check and rectify all the capacitor banks for MSBs to avoid TNB's penalty.\nTo fix all faulty exhaust fans for HT and LV rooms."",""To reinstate all discharge CO2 cylinders.\nTo service all the switchgears and transformers.\nTo repair faulty protection relay.\nTo repair all malfunction capacitor bank."",""Tiada""]}"
RHONE MA MALAYSIA (KAPAR WAREHOUSE),"{""klien"":""RHONE MA MALAYSIA (KAPAR WAREHOUSE)"",""alamat"":""NO. 2, JALAN BESTARI 2/KU7,\nTAMAN PERINDUSTRIAN KAPAR BESTARI,\nSUNGAI KAPAR INDAH, KAPAR,\n42200 KLANG\nSELANGOR"",""ampere"":""200A"",""kepada"":""Selangor"",""voltan"":""400V"",""category"":""Part 2"",""nickname"":""RHONE MA MALAYSIA (KAPAR WAREHOUSE)"",""giliran_no"":""1"",""company_name"":""RHONE MA MALAYSIA (KAPAR WAREHOUSE)"",""default_remark"":""Tiada"",""default_remarks"":[""Tiada"",""Tiada"",""Tiada""]}"
RHONE MA MALAYSIA SDN BHD,"{""klien"":""RHONE MA MALAYSIA SDN BHD"",""alamat"":""LOT 16008, JALAN NILAM 3\nKAWASAN PERINDUSTRIAN NILAI UTAMA\n71800 NILAI\nNEGERI SEMBILAN"",""ampere"":""100A"",""kepada"":""Melaka"",""voltan"":""11kV"",""category"":""Part 3"",""nickname"":""RHONE MA MALAYSIA SDN BHD ( NEGERI SEMBILAN) ( GILIRAN NO.1)"",""giliran_no"":""1"",""company_name"":""RHONE MA MALAYSIA SDN BHD"",""default_remark"":""Tiada"",""default_remarks"":[""Tiada"",""Tiada"",""Tiada""]}"
RHONE MA MALAYSIA SDN BHD.,"{""klien"":""RHONE MA MALAYSIA SDN BHD."",""alamat"":""LOT 18B, JALAN 241,\nSEKSYEN 51A,\n46100 PETALING JAYA\nSELANGOR"",""ampere"":""3x200A"",""kepada"":""Selangor"",""voltan"":""400V"",""category"":""Part 3"",""nickname"":""RHONE MA MALAYSIA SDN BHD. (SELANGOR)"",""giliran_no"":""1"",""company_name"":""RHONE MA MALAYSIA SDN BHD."",""default_remark"":""Tiada"",""default_remarks"":[""Tiada"",""Tiada"",""Tiada""]}"
RHONE MA MALAYSIA SDN. BHD.,"{""klien"":""RHONE MA MALAYSIA SDN. BHD."",""alamat"":""LOT 16008, JALAN NILAM 3\nKAWASAN PERINDUSTRIAN NILAI UTAMA\n71800 NILAI\nNEGERI SEMBILAN"",""ampere"":""100A"",""kepada"":""Melaka"",""voltan"":""11kV"",""category"":""Part 3"",""nickname"":""RHONE MA MALAYSIA SDN BHD (NEGERI SEMBILAN) (GILIRAN NO.2)"",""giliran_no"":""2"",""company_name"":""RHONE MA MALAYSIA SDN. BHD."",""default_remark"":""Tiada"",""default_remarks"":[""Tiada"",""Tiada"",""Tiada""]}"
SHINOBE (M) SDN BHD,"{""klien"":""SHINOBE (M) SDN BHD"",""alamat"":""LOT 2, JALAN UTARID U5/16, MUTIARA SUBANG, SEKSYEN U5,\nSeksyen U5\n40150 SHAH ALAM\nSELANGOR"",""ampere"":""800A"",""kepada"":""Selangor"",""voltan"":""400V SOLAR"",""category"":""Part 3"",""nickname"":""SHINOBE (M) SDN BHD"",""giliran_no"":""1"",""company_name"":""SHINOBE (M) SDN BHD"",""default_remark"":""Relay calibration over due 28-3-26"",""default_remarks"":[""Relay calibration over due 28-3-26"",""Tiada"",""Tiada""]}"
STAR MEDIA GROUP BERHAD (P J),"{""klien"":""STAR MEDIA GROUP BERHAD (P J)"",""alamat"":""MENARA STAR 2\nLOT 141 (PT16), JALAN 13/6,\nSEKSYEN 13,\n46350 PETALING JAYA\nSELANGOR"",""ampere"":""150A"",""kepada"":""Selangor"",""voltan"":""11kV"",""category"":""Part 3"",""nickname"":""STAR MEDIA GROUP BERHAD (P J) (GILIRAN NO.1)"",""giliran_no"":""1"",""company_name"":""STAR MEDIA GROUP BERHAD (P J)"",""default_remark"":""Tiada"",""default_remarks"":[""Tiada"",""Tiada"",""Tiada""]}"
STAR MEDIA GROUP BERHAD (PHILOE DAMANSARA),"{""klien"":""STAR MEDIA GROUP BERHAD (PHILOE DAMANSARA)"",""alamat"":""NO. 15, MENARA STAR, PHILOE DAMANSARA 2, JALAN 16/11,\n46350 PETALING JAYA\nSELANGOR"",""ampere"":""150A"",""kepada"":""Selangor"",""voltan"":""11kV"",""category"":""Part 3"",""nickname"":""STAR MEDIA GROUP BERHAD (PHILOE DAMANSARA) (GILIRAN NO.1)"",""giliran_no"":""1"",""company_name"":""STAR MEDIA GROUP BERHAD (PHILOE DAMANSARA)"",""default_remark"":""Tiada"",""default_remarks"":[""Tiada"",""Tiada"",""Tiada""]}"
STAR MEDIA GROUP BERHAD. (P J),"{""klien"":""STAR MEDIA GROUP BERHAD. (P J)"",""alamat"":""MENARA STAR 2\nLOT 141 (PT16), JALAN 13/6,\nSEKSYEN 13,\n46350 PETALING JAYA\nSELANGOR"",""ampere"":""150A"",""kepada"":""Selangor"",""voltan"":""11kV"",""category"":""Part 3"",""nickname"":""STAR MEDIA GROUP BERHAD. (P J) (GILIRAN NO.2)"",""giliran_no"":""2"",""company_name"":""STAR MEDIA GROUP BERHAD. (P J)"",""default_remark"":""Tiada"",""default_remarks"":[""Tiada"",""Tiada"",""Tiada""]}"
STAR MEDIA GROUP BERHAD. (PHILOE DAMANSARA),"{""klien"":""STAR MEDIA GROUP BERHAD. (PHILOE DAMANSARA)"",""alamat"":""NO. 15, MENARA STAR, PHILOE DAMANSARA 2, JALAN 16/11,\n46350 PETALING JAYA\nSELANGOR"",""ampere"":""150A"",""kepada"":""Selangor"",""voltan"":""11kV"",""category"":""Part 3"",""nickname"":""STAR MEDIA GROUP BERHAD. (PHILOE DAMANSARA) (GILIRAN NO.2)"",""giliran_no"":""2"",""company_name"":""STAR MEDIA GROUP BERHAD. (PHILOE DAMANSARA)"",""default_remark"":""Tiada"",""default_remarks"":[""Tiada"",""Tiada"",""Tiada""]}"
SUN POWER AUTOMATION SDN BHD,"{""klien"":""SUN POWER AUTOMATION SDN BHD"",""alamat"":""LOT 1554, KAMPUNG JAYA INDUSTRIAL AREA,\n47000 SUNGAI BULOH\nSELANGOR"",""ampere"":""1200A"",""kepada"":""Selangor"",""voltan"":""400V"",""category"":""Part 1"",""nickname"":""SUN POWER AUTOMATION SDN BHD"",""giliran_no"":""1"",""company_name"":""SUN POWER AUTOMATION SDN BHD"",""default_remark"":""Consumer MSB: 422.8/422.6/422.1V. 85.4/87.9/68.5A. PF:0.95.\nSSB: 422.3/421.4/422.2V. 69.2/65.7/68.2A. PF:0.92.\nRecalibration protection relay will expire on 26-10-2026."",""default_remarks"":[""Consumer MSB: 422.8/422.6/422.1V. 85.4/87.9/68.5A. PF:0.95.\nSSB: 422.3/421.4/422.2V. 69.2/65.7/68.2A. PF:0.92.\nRecalibration protection relay will expire on 26-10-2026."",""Tiada"",""Tiada""]}"
SUPERLON WORLDWIDE SDN BHD,"{""klien"":""SUPERLON WORLDWIDE SDN BHD"",""alamat"":""LOT 2567, JALAN SUNGAI JATI,\n41200 KLANG\nSELANGOR"",""ampere"":""200A"",""kepada"":""Selangor"",""voltan"":""11kV"",""category"":""Part 3"",""nickname"":""SUPERLON WORLDWIDE SDN BHD"",""giliran_no"":""1"",""company_name"":""SUPERLON WORLDWIDE SDN BHD"",""default_remark"":""Recommend to service all the VCB, TX, ACB and 30V DC Battery Unit as the last service was on 2022."",""default_remarks"":[""Recommend to service all the VCB, TX, ACB and 30V DC Battery Unit as the last service was on 2022."",""Tiada"",""Tiada""]}"
SUPERMAX GLOVE MANUFACTURING SDN BHD,"{""klien"":""SUPERMAX GLOVE MANUFACTURING SDN BHD"",""alamat"":""LOT 38, PUTRA INDUSTRIAL PARK\nBUKIT RAHMAN PUTRA\n47000 SUNGAI BULOH\nSELANGOR"",""ampere"":""172A"",""kepada"":""Selangor"",""voltan"":""11kV"",""category"":""Part 1"",""nickname"":""SUPERMAX GLOVE MANUFACTURING SDN BHD (Lot 38)"",""giliran_no"":""1"",""company_name"":""SUPERMAX GLOVE MANUFACTURING SDN BHD"",""default_remark"":""Incoming: 11.2kV @ 10A, PF:0.92."",""default_remarks"":[""Incoming: 11.2kV @ 10A, PF:0.92."",""Tiada"",""Tiada""]}"
SUPERMAX GLOVE MANUFACTURING SDN. BHD,"{""klien"":""SUPERMAX GLOVE MANUFACTURING SDN. BHD"",""alamat"":""LOT 42, JALAN BRP 9/2\nPUTRA INDUSTRIAL PARK BUKIT RAHMAN PUTRA\n47000 SUNGAI BULOH\nSELANGOR"",""ampere"":""62A"",""kepada"":""Selangor"",""voltan"":""11kV"",""category"":""Part 1"",""nickname"":""SUPERMAX GLOVE MANUFACTURING SDN. BHD (Lot 42)"",""giliran_no"":""1"",""company_name"":""SUPERMAX GLOVE MANUFACTURING SDN. BHD"",""default_remark"":""Incoming: 11.2kV @ 5A, PF:0.93."",""default_remarks"":[""Incoming: 11.2kV @ 5A, PF:0.93."",""Tiada"",""Tiada""]}"
SUSUNAN BARU SDN BHD,"{""klien"":""SUSUNAN BARU SDN BHD"",""alamat"":""TINGKAT 4, WISMA CHEONG HIN, NO. 116 -118, JALAN PUDU\n55100 KUALA LUMPUR\nWILAYAH PERSEKUTUAN KUALA LUMPUR"",""ampere"":""500A"",""kepada"":""Selangor"",""voltan"":""400V"",""category"":""Part 2"",""nickname"":""SUSUNAN BARU SDN BHD"",""giliran_no"":""1"",""company_name"":""SUSUNAN BARU SDN BHD"",""default_remark"":""Protection relay recalibration will expire on 23-07-2027.\nGenset registration expired on 10-06-2026."",""default_remarks"":[""Protection relay recalibration will expire on 23-07-2027.\nGenset registration expired on 10-06-2026."",""Tiada"",""Tiada""]}"
THREE V HOLDINGS SDN BHD,"{""klien"":""THREE V HOLDINGS SDN BHD"",""alamat"":""LOT 8361 & 8382   KAWASAN PERUMAHAN BUKIT ANGKAT\nSG CHUA \n43000 KAJANG \nSELANGOR"",""ampere"":""1600A"",""kepada"":""Selangor"",""voltan"":""400V"",""category"":""Part 3"",""nickname"":""THREE V HOLDINGS SDN BHD"",""giliran_no"":""1"",""company_name"":""THREE V HOLDINGS SDN BHD"",""default_remark"":""A charge-man of grade “A4” is required to operate the installations and Gen Sets.\nFEEDER 1 PF 0.92 FEEDER 2 PF 0.93"",""default_remarks"":[""A charge-man of grade “A4” is required to operate the installations and Gen Sets.\nFEEDER 1 PF 0.92 FEEDER 2 PF 0.93"",""Tiada"",""Tiada""]}"
TOP GLOVE (F10) (SOLAR SYSTEM),"{""klien"":""TOP GLOVE (F10) (SOLAR SYSTEM)"",""alamat"":""LOT 4971, JALAN TERATAI, OFF JALAN MERU,\n41050 KLANG\nSELANGOR"",""ampere"":""400A"",""kepada"":""Selangor"",""voltan"":""400V SOLAR"",""category"":""Part 2"",""nickname"":""TOP GLOVE (F10) (SOLAR SYSTEM)"",""giliran_no"":""1"",""company_name"":""TOP GLOVE (F10) (SOLAR SYSTEM)"",""default_remark"":""Tiada"",""default_remarks"":[""Tiada"",""Tiada"",""Tiada""]}"
TOP GLOVE (F12) (SOLAR SYSTEM),"{""klien"":""TOP GLOVE (F12) (SOLAR SYSTEM)"",""alamat"":""LOT 4950, JALAN TERATAI, OFF JALAN MERU,\n41050 KLANG\nSELANGOR"",""ampere"":""1200A"",""kepada"":""Selangor"",""voltan"":""400V"",""category"":""Part 2"",""nickname"":""TOP GLOVE (F12) (SOLAR SYSTEM)"",""giliran_no"":""1"",""company_name"":""TOP GLOVE (F12) (SOLAR SYSTEM)"",""default_remark"":""Tiada"",""default_remarks"":[""Tiada"",""Tiada"",""Tiada""]}"
"TOP GLOVE (F19B, 20B, 21B & 22B) (SOLAR SYSTEM)","{""klien"":""TOP GLOVE (F19B, 20B, 21B & 22B) (SOLAR SYSTEM)"",""alamat"":""LOT4987, 4968, 4989 & 4990, JALAN BUNGA RAYA, OFF JALAN MERU,\n41050 KLANG\nSELANGOR"",""ampere"":""4x500A"",""kepada"":""Selangor"",""voltan"":""400V"",""category"":""Part 2"",""nickname"":""TOP GLOVE (F19B, 20B, 21B & 22B) (SOLAR SYSTEM)"",""giliran_no"":""1"",""company_name"":""TOP GLOVE (F19B, 20B, 21B & 22B) (SOLAR SYSTEM)"",""default_remark"":""Tiada"",""default_remarks"":[""Tiada"",""Tiada"",""Tiada""]}"
TOP GLOVE (F24) (SOLAR SYSTEM),"{""klien"":""TOP GLOVE (F24) (SOLAR SYSTEM)"",""alamat"":""LOT 4986, JALAN BUNGA RAYA, OFF JALAN MERU,\n41050 KLANG\nSELANGOR"",""ampere"":""500A"",""kepada"":""Selangor"",""voltan"":""400V"",""category"":""Part 2"",""nickname"":""TOP GLOVE (F24) (SOLAR SYSTEM)"",""giliran_no"":""1"",""company_name"":""TOP GLOVE (F24) (SOLAR SYSTEM)"",""default_remark"":""Tiada"",""default_remarks"":[""Tiada"",""Tiada"",""Tiada""]}"
TOP GLOVE (F31) (SOLAR SYSTEM),"{""klien"":""TOP GLOVE (F31) (SOLAR SYSTEM)"",""alamat"":""LOT 69111, LORONG SUNGAI PULOH, KU06, KAWASAN PERINDUSTRIAN SUNGAI PULOH,\n42100 KLANG\nSELANGOR"",""ampere"":""1200A"",""kepada"":""Selangor"",""voltan"":""400V"",""category"":""Part 2"",""nickname"":""TOP GLOVE (F31) (SOLAR SYSTEM)"",""giliran_no"":""1"",""company_name"":""TOP GLOVE (F31) (SOLAR SYSTEM)"",""default_remark"":""Tiada"",""default_remarks"":[""Tiada"",""Tiada"",""Tiada""]}"
TOP GLOVE (F40) (SOLAR SYSTEM),"{""klien"":""TOP GLOVE (F40) (SOLAR SYSTEM)"",""alamat"":""LOT 67330, LORONG BOUGAINVILLAE/KU8, KAWASAN PERINDUSTRIAN MERU TIMUR,\n41050 KLANG\nSELANGOR"",""ampere"":""600A"",""kepada"":""Selangor"",""voltan"":""400V"",""category"":""Part 2"",""nickname"":""TOP GLOVE (F40) (SOLAR SYSTEM)"",""giliran_no"":""1"",""company_name"":""TOP GLOVE (F40) (SOLAR SYSTEM)"",""default_remark"":""Tiada"",""default_remarks"":[""Tiada"",""Tiada"",""Tiada""]}"
TOPMARK PETROLEUM PRODUCTS SDN BHD,"{""klien"":""TOPMARK PETROLEUM PRODUCTS SDN BHD"",""alamat"":""LOT 102521 (PN24351) JLN SG PINANG 5/3 (KS13)\nPULAU INDAH, MUKIM KLANG, DAERAH KLANG KLANG BANDAR DIRAJA\n41050 KLANG\nSELANGOR"",""ampere"":""100A"",""kepada"":""Selangor"",""voltan"":""11kV"",""category"":""Part 3"",""nickname"":""TOPMARK PETROLEUM PRODUCTS SDN BHD (KLANG)"",""giliran_no"":""1"",""company_name"":""TOPMARK PETROLEUM PRODUCTS SDN BHD"",""default_remark"":""Tiada"",""default_remarks"":[""Tiada"",""Tiada"",""Tiada""]}"
TOPMARK PETROLEUM PRODUCTS SDN BHD (SOLAR),"{""klien"":""TOPMARK PETROLEUM PRODUCTS SDN BHD (SOLAR)"",""alamat"":""NO. 102521, JALAN SUNGAI PINANG 5/3, KAWASAN PERINDUSTRIAN PULAU INDAH, PELABUHAN KLANG,\n42920 KLANG\nSELANGOR"",""ampere"":""500A"",""kepada"":""Selangor"",""voltan"":""400V SOLAR"",""category"":""Part 3"",""nickname"":""TOPMARK PETROLEUM PRODUCTS SDN BHD (SOLAR)"",""giliran_no"":""1"",""company_name"":""TOPMARK PETROLEUM PRODUCTS SDN BHD (SOLAR)"",""default_remark"":""Tiada"",""default_remarks"":[""Tiada"",""Tiada"",""Tiada""]}"
WISMA KEBUDAYAAN SGM,"{""klien"":""WISMA KEBUDAYAAN SGM"",""alamat"":""243\nJALAN BUKIT BINTANG\n55100 KUALA LUMPUR\nWILAYAH PERSEKUTUAN KUALA LUMPUR"",""ampere"":""2x1200A"",""kepada"":""Selangor"",""voltan"":""400V"",""category"":""Part 2"",""nickname"":""WISMA KEBUDAYAAN SGM"",""giliran_no"":""1"",""company_name"":""WISMA KEBUDAYAAN SGM"",""default_remark"":""MSB 1: 415V, 125A, PF:0.92.\nMSB 2: 415V, 70A, PF:0.93.\nGenerator set run 68.78hr @ 19.0kWh."",""default_remarks"":[""MSB 1: 415V, 125A, PF:0.92.\nMSB 2: 415V, 70A, PF:0.93.\nGenerator set run 68.78hr @ 19.0kWh."",""Tiada"",""Tiada""]}"
WRITEBEST SDN. BHD,"{""klien"":""WRITEBEST SDN. BHD"",""alamat"":""LOT 2954 JLN SG TEKALI BT 1 1/2\nKAWASAN PERINDUSTRIAN TEKALI HULU LANGAT\n43100 HULU LANGAT\nSELANGOR"",""ampere"":""50A"",""kepada"":""Selangor"",""voltan"":""11kV"",""category"":""Part 3"",""nickname"":""WRITEBEST SDN. BHD"",""giliran_no"":""1"",""company_name"":""WRITEBEST SDN. BHD"",""default_remark"":""To engage BO chargeman for this installation\nTx has minor oil leak , to check\nTo clean up MSB room"",""default_remarks"":[""To engage BO chargeman for this installation\nTx has minor oil leak , to check\nTo clean up MSB room"",""Tiada"",""Tiada""]}"
ZCAL TECHNOLOGY MALAYSIA SDN BHD (KAPAR),"{""klien"":""ZCAL TECHNOLOGY MALAYSIA SDN BHD (KAPAR)"",""alamat"":""LOT 5997, JALAN KAPAR BATU 8, TAMAN SUNGAI KAPAR INDAH\n42200 KAPAR\nSELANGOR"",""ampere"":""1000A"",""kepada"":""Selangor"",""voltan"":""400V"",""category"":""Part 1"",""nickname"":""ZCAL TECHNOLOGY MALAYSIA SDN BHD (KAPAR)"",""giliran_no"":""1"",""company_name"":""ZCAL TECHNOLOGY MALAYSIA SDN BHD (KAPAR)"",""default_remark"":""To display single line diagram with PE endorsement."",""default_remarks"":[""To display single line diagram with PE endorsement."",""Tiada"",""Tiada""]}"